950,494,Public,Test
1769,779,Name,Extra
3412,2873,Name,Extra
2296,3437,Name,Extra
3079,2332,Name,Extra
1110,2323,Name,Extra
4083,3867,Name,Extra
1627,3205,Name,Extra
1949,2802,Name,Extra
1424,780,Name,Extra
3719,2399,Name,Extra
3289,2533,Name,Extra
3686,1299,Name,Extra
2451,1256,Name,Extra
776,120,Name,Extra
1684,1842,Name,Extra
2318,2292,Name,Extra
285,1806,Name,Extra
1642,2750,Name,Extra
1567,3705,Name,Extra
50,1076,Name,Extra
4078,1962,Name,Extra
2999,1946,Name,Extra
2777,3648,Name,Extra
1482,1124,Name,Extra
4487,4096,Name,Extra
3528,480,Name,Extra
3408,3986,Name,Extra
3519,3785,Name,Extra
1529,3758,Name,Extra
887,3490,Name,Extra
2333,1882,Name,Extra
3190,3056,Name,Extra
1517,3142,Name,Extra
823,229,Name,Extra
3199,2514,Name,Extra
2632,1219,Name,Extra
2264,3929,Name,Extra
189,1102,Name,Extra
138,2829,Name,Extra
3397,3686,Name,Extra
1360,2913,Name,Extra
2472,1148,Name,Extra
3233,807,Name,Extra
3801,3489,Name,Extra
993,1594,Name,Extra
1547,1297,Name,Extra
3659,2808,Name,Extra
4037,2231,Name,Extra
3075,3738,Name,Extra
3286,1346,Name,Extra
84,614,Name,Extra
895,1425,Name,Extra
3707,1575,Name,Extra
437,3157,Name,Extra
2120,1233,Name,Extra
4350,2791,Name,Extra
1293,1363,Name,Extra
2776,533,Name,Extra
307,3969,Name,Extra
984,960,Name,Extra
878,3293,Name,Extra
42,2213,Name,Extra
596,367,Name,Extra
858,3213,Name,Extra
1003,1595,Name,Extra
760,2771,Name,Extra
1277,447,Name,Extra
2505,547,Name,Extra
2430,3396,Name,Extra
2459,3268,Name,Extra
4213,3480,Name,Extra
2855,2390,Name,Extra
3592,640,Name,Extra
966,1991,Name,Extra
95,2445,Name,Extra
3135,1744,Name,Extra
2067,2561,Name,Extra
965,582,Name,Extra
1137,3732,Name,Extra
692,1526,Name,Extra
82,324,Name,Extra
2992,1729,Name,Extra
950,3582,Name,Extra
4164,938,Name,Extra
1673,3551,Name,Extra
4324,3875,Name,Extra
3643,1111,Name,Extra
3911,2498,Name,Extra
3692,3946,Name,Extra
2934,2582,Name,Extra
517,1691,Name,Extra
292,1067,Name,Extra
1676,1397,Name,Extra
697,773,Name,Extra
3998,3725,Name,Extra
1309,4002,Name,Extra
750,3175,Name,Extra
326,1041,Name,Extra
277,3441,Name,Extra
3137,3637,Name,Extra
673,3534,Name,Extra
954,4048,Name,Extra
2108,1428,Name,Extra
1132,433,Name,Extra
3,244,Name,Extra
817,2316,Name,Extra
2465,3076,Name,Extra
1590,1365,Name,Extra
2322,1064,Name,Extra
1874,3794,Name,Extra
192,1730,Name,Extra
3208,2845,Name,Extra
924,209,Name,Extra
1678,3194,Name,Extra
4179,481,Name,Extra
3725,2083,Name,Extra
4363,3221,Name,Extra
3451,471,Name,Extra
2316,1487,Name,Extra
1260,3371,Name,Extra
4094,3240,Name,Extra
4455,287,Name,Extra
3625,3567,Name,Extra
4225,1159,Name,Extra
3417,1010,Name,Extra
4115,613,Name,Extra
4412,1915,Name,Extra
1652,3422,Name,Extra
844,1437,Name,Extra
292,3253,Name,Extra
1967,2322,Name,Extra
3895,1903,Name,Extra
3018,88,Name,Extra
4243,4009,Name,Extra
2443,2623,Name,Extra
1223,71,Name,Extra
52,2234,Name,Extra
3252,434,Name,Extra
3904,2247,Name,Extra
2444,3230,Name,Extra
4060,267,Name,Extra
3697,6,Name,Extra
2034,1738,Name,Extra
2180,3263,Name,Extra
36,557,Name,Extra
2581,1551,Name,Extra
4364,256,Name,Extra
753,3227,Name,Extra
3209,2268,Name,Extra
3662,3479,Name,Extra
3023,200,Name,Extra
59,1941,Name,Extra
278,2983,Name,Extra
2805,2125,Name,Extra
3736,2047,Name,Extra
3029,3237,Name,Extra
2459,3674,Name,Extra
2277,1207,Name,Extra
1056,2781,Name,Extra
150,3978,Name,Extra
4353,950,Name,Extra
2155,2532,Name,Extra
2515,1592,Name,Extra
461,2886,Name,Extra
2186,2128,Name,Extra
4309,723,Name,Extra
4309,3175,Name,Extra
3701,2698,Name,Extra
1193,2750,Name,Extra
2832,3297,Name,Extra
4211,1368,Name,Extra
1419,2890,Name,Extra
2213,645,Name,Extra
3263,1390,Name,Extra
4426,881,Name,Extra
906,2279,Name,Extra
1978,2840,Name,Extra
2423,369,Name,Extra
2240,2127,Name,Extra
209,394,Name,Extra
979,664,Name,Extra
142,898,Name,Extra
1907,3052,Name,Extra
1415,1155,Name,Extra
672,1318,Name,Extra
236,1064,Name,Extra
3044,3641,Name,Extra
2251,3363,Name,Extra
4089,3433,Name,Extra
3671,263,Name,Extra
2280,3248,Name,Extra
3027,27,Name,Extra
754,2429,Name,Extra
2384,1977,Name,Extra
994,3897,Name,Extra
565,1262,Name,Extra
112,3428,Name,Extra
3358,1595,Name,Extra
2393,3446,Name,Extra
3632,3610,Name,Extra
3316,348,Name,Extra
3806,4015,Name,Extra
2293,2187,Name,Extra
1719,175,Name,Extra
30,1288,Name,Extra
2812,2214,Name,Extra
4376,398,Name,Extra
1775,2347,Name,Extra
4077,1438,Name,Extra
3770,2677,Name,Extra
2144,2573,Name,Extra
1809,1501,Name,Extra
3758,2736,Name,Extra
2570,1471,Name,Extra
3388,2311,Name,Extra
3884,3104,Name,Extra
1006,1234,Name,Extra
2011,3734,Name,Extra
333,3328,Name,Extra
3002,2154,Name,Extra
4223,201,Name,Extra
1417,2847,Name,Extra
1709,1609,Name,Extra
3386,3643,Name,Extra
2893,3656,Name,Extra
1234,180,Name,Extra
3115,1445,Name,Extra
1956,1066,Name,Extra
102,1278,Name,Extra
3328,1764,Name,Extra
1722,3583,Name,Extra
2049,3852,Name,Extra
4370,3708,Name,Extra
705,3381,Name,Extra
2305,1849,Name,Extra
3660,1138,Name,Extra
4484,4012,Name,Extra
2832,1474,Name,Extra
724,2935,Name,Extra
4418,2871,Name,Extra
767,811,Name,Extra
2515,966,Name,Extra
1159,3109,Name,Extra
3017,2089,Name,Extra
107,507,Name,Extra
1302,3262,Name,Extra
946,3606,Name,Extra
2325,2973,Name,Extra
4144,693,Name,Extra
170,3149,Name,Extra
257,652,Name,Extra
3264,2253,Name,Extra
4336,3854,Name,Extra
1974,567,Name,Extra
1330,3247,Name,Extra
355,2814,Name,Extra
535,502,Name,Extra
4254,2614,Name,Extra
33,2790,Name,Extra
2699,4086,Name,Extra
2580,3045,Name,Extra
563,739,Name,Extra
4103,4096,Name,Extra
2859,1071,Name,Extra
695,3001,Name,Extra
3120,1657,Name,Extra
792,149,Name,Extra
3649,3503,Name,Extra
3305,2726,Name,Extra
4299,1830,Name,Extra
3091,2149,Name,Extra
4087,4057,Name,Extra
4118,3059,Name,Extra
2507,3662,Name,Extra
2878,757,Name,Extra
674,735,Name,Extra
2668,207,Name,Extra
1839,1238,Name,Extra
1942,794,Name,Extra
852,2346,Name,Extra
3657,2780,Name,Extra
3545,321,Name,Extra
526,1060,Name,Extra
1459,2069,Name,Extra
4030,1131,Name,Extra
2821,2731,Name,Extra
489,362,Name,Extra
796,17,Name,Extra
4208,845,Name,Extra
3495,2655,Name,Extra
1658,912,Name,Extra
2565,2074,Name,Extra
668,1649,Name,Extra
227,584,Name,Extra
4449,131,Name,Extra
1095,574,Name,Extra
2765,426,Name,Extra
1491,3110,Name,Extra
3060,1925,Name,Extra
4165,505,Name,Extra
2197,3207,Name,Extra
589,75,Name,Extra
87,3551,Name,Extra
3815,3655,Name,Extra
4002,742,Name,Extra
4419,2314,Name,Extra
2386,1137,Name,Extra
3095,3599,Name,Extra
2014,1546,Name,Extra
2395,1443,Name,Extra
3383,356,Name,Extra
2506,3796,Name,Extra
2645,466,Name,Extra
3761,3563,Name,Extra
3032,146,Name,Extra
1854,3050,Name,Extra
1994,3853,Name,Extra
834,161,Name,Extra
1462,1638,Name,Extra
2491,1526,Name,Extra
2159,2595,Name,Extra
26,1584,Name,Extra
3424,292,Name,Extra
2943,1987,Name,Extra
1899,2368,Name,Extra
584,792,Name,Extra
2044,870,Name,Extra
2130,2292,Name,Extra
112,1736,Name,Extra
1438,636,Name,Extra
2213,1844,Name,Extra
2931,1712,Name,Extra
3910,1376,Name,Extra
2410,3702,Name,Extra
2115,731,Name,Extra
925,2989,Name,Extra
1910,1137,Name,Extra
2750,1957,Name,Extra
1159,3473,Name,Extra
2094,2411,Name,Extra
675,1308,Name,Extra
4058,3612,Name,Extra
1765,2900,Name,Extra
611,3284,Name,Extra
2270,3543,Name,Extra
2061,3158,Name,Extra
3024,4015,Name,Extra
1104,2799,Name,Extra
4009,274,Name,Extra
2988,1987,Name,Extra
2862,2957,Name,Extra
3797,707,Name,Extra
2854,908,Name,Extra
978,3584,Name,Extra
4096,3895,Name,Extra
2182,3106,Name,Extra
746,3456,Name,Extra
858,1943,Name,Extra
3281,2585,Name,Extra
1880,3930,Name,Extra
1301,3538,Name,Extra
1579,182,Name,Extra
1399,1659,Name,Extra
2480,3192,Name,Extra
2203,1367,Name,Extra
3295,1599,Name,Extra
1027,1961,Name,Extra
3683,3523,Name,Extra
139,414,Name,Extra
3743,4006,Name,Extra
2039,3963,Name,Extra
3488,635,Name,Extra
4070,1336,Name,Extra
3399,1707,Name,Extra
2989,4044,Name,Extra
3037,0,Name,Extra
2543,2770,Name,Extra
2224,268,Name,Extra
3590,3767,Name,Extra
3027,670,Name,Extra
1508,3206,Name,Extra
1899,713,Name,Extra
2798,3482,Name,Extra
366,3519,Name,Extra
210,2318,Name,Extra
1131,2152,Name,Extra
361,970,Name,Extra
4422,2449,Name,Extra
1832,3729,Name,Extra
1950,1987,Name,Extra
1566,685,Name,Extra
2701,2815,Name,Extra
158,1137,Name,Extra
2535,2384,Name,Extra
2182,961,Name,Extra
3643,190,Name,Extra
196,421,Name,Extra
1037,3504,Name,Extra
3830,369,Name,Extra
1620,2093,Name,Extra
4173,1145,Name,Extra
2841,1873,Name,Extra
583,1047,Name,Extra
381,882,Name,Extra
4356,3164,Name,Extra
318,3864,Name,Extra
3085,3032,Name,Extra
2477,1738,Name,Extra
2125,2169,Name,Extra
1571,2348,Name,Extra
1831,1458,Name,Extra
2139,3558,Name,Extra
3307,90,Name,Extra
1234,3337,Name,Extra
4396,2516,Name,Extra
2586,1169,Name,Extra
65,1750,Name,Extra
2174,1833,Name,Extra
3889,1473,Name,Extra
1916,2808,Name,Extra
2866,3498,Name,Extra
2684,3523,Name,Extra
3842,1589,Name,Extra
3972,3677,Name,Extra
1913,2615,Name,Extra
2736,2802,Name,Extra
2509,809,Name,Extra
580,133,Name,Extra
3950,367,Name,Extra
577,994,Name,Extra
2770,1234,Name,Extra
2890,1758,Name,Extra
3738,3855,Name,Extra
1216,3454,Name,Extra
1289,2130,Name,Extra
2027,1902,Name,Extra
2393,3484,Name,Extra
3368,2749,Name,Extra
4095,647,Name,Extra
2200,1015,Name,Extra
1200,636,Name,Extra
1233,2912,Name,Extra
1150,1669,Name,Extra
2487,743,Name,Extra
3411,1760,Name,Extra
2743,1275,Name,Extra
2496,2443,Name,Extra
1352,2167,Name,Extra
3637,2610,Name,Extra
1691,149,Name,Extra
4264,2253,Name,Extra
3874,175,Name,Extra
2940,2072,Name,Extra
3257,2076,Name,Extra
785,2674,Name,Extra
748,658,Name,Extra
910,1979,Name,Extra
3118,3398,Name,Extra
467,1658,Name,Extra
3683,492,Name,Extra
2943,2722,Name,Extra
3639,3860,Name,Extra
4190,2164,Name,Extra
2827,2420,Name,Extra
185,3581,Name,Extra
90,3808,Name,Extra
1091,2700,Name,Extra
2277,1214,Name,Extra
2265,1400,Name,Extra
2345,3988,Name,Extra
2589,673,Name,Extra
479,2623,Name,Extra
4392,2538,Name,Extra
2760,1611,Name,Extra
420,3196,Name,Extra
3366,2080,Name,Extra
1567,138,Name,Extra
865,657,Name,Extra
2127,3118,Name,Extra
3623,3106,Name,Extra
2827,2,Name,Extra
2090,3174,Name,Extra
4237,2217,Name,Extra
2415,510,Name,Extra
3132,847,Name,Extra
1590,3546,Name,Extra
3466,377,Name,Extra
918,65,Name,Extra
2080,1214,Name,Extra
3376,1088,Name,Extra
2389,2185,Name,Extra
3987,3788,Name,Extra
195,894,Name,Extra
3832,375,Name,Extra
4351,1192,Name,Extra
613,2390,Name,Extra
77,509,Name,Extra
1095,2130,Name,Extra
959,319,Name,Extra
3514,2987,Name,Extra
493,2194,Name,Extra
2498,459,Name,Extra
2424,3188,Name,Extra
3988,2714,Name,Extra
3586,357,Name,Extra
1858,1582,Name,Extra
3081,3332,Name,Extra
1922,2560,Name,Extra
4334,3259,Name,Extra
3629,3790,Name,Extra
2580,115,Name,Extra
1865,3455,Name,Extra
3666,1584,Name,Extra
2054,2605,Name,Extra
2887,2442,Name,Extra
1919,2300,Name,Extra
688,2000,Name,Extra
3163,2211,Name,Extra
2887,2078,Name,Extra
1444,2686,Name,Extra
2137,3669,Name,Extra
332,2654,Name,Extra
4043,3313,Name,Extra
3019,3770,Name,Extra
2575,2500,Name,Extra
1655,2631,Name,Extra
3249,691,Name,Extra
2564,3640,Name,Extra
3993,2741,Name,Extra
2274,2167,Name,Extra
1309,2442,Name,Extra
2767,1060,Name,Extra
3978,3215,Name,Extra
3688,913,Name,Extra
4207,806,Name,Extra
241,521,Name,Extra
4120,3078,Name,Extra
3928,2954,Name,Extra
3555,658,Name,Extra
3547,969,Name,Extra
2005,187,Name,Extra
3642,1850,Name,Extra
1909,1482,Name,Extra
25,1239,Name,Extra
1534,584,Name,Extra
3219,2584,Name,Extra
34,321,Name,Extra
1440,2660,Name,Extra
2579,1253,Name,Extra
2988,3315,Name,Extra
1286,635,Name,Extra
3403,2254,Name,Extra
3004,162,Name,Extra
314,1092,Name,Extra
796,3752,Name,Extra
1376,1647,Name,Extra
3310,834,Name,Extra
1184,1001,Name,Extra
3555,2151,Name,Extra
2738,3768,Name,Extra
3016,2424,Name,Extra
3482,1803,Name,Extra
692,3136,Name,Extra
2428,3910,Name,Extra
403,1364,Name,Extra
4344,3630,Name,Extra
67,2228,Name,Extra
3888,4072,Name,Extra
1746,3148,Name,Extra
2405,4047,Name,Extra
4194,3829,Name,Extra
2051,3574,Name,Extra
2931,1718,Name,Extra
2774,896,Name,Extra
3706,853,Name,Extra
1396,1765,Name,Extra
3024,3670,Name,Extra
2496,2782,Name,Extra
996,3391,Name,Extra
1036,1034,Name,Extra
932,1455,Name,Extra
3838,2341,Name,Extra
1307,2442,Name,Extra
976,2116,Name,Extra
1396,733,Name,Extra
3415,3050,Name,Extra
317,4012,Name,Extra
1669,2935,Name,Extra
1138,3753,Name,Extra
2899,468,Name,Extra
996,1568,Name,Extra
2057,2562,Name,Extra
2615,732,Name,Extra
1582,276,Name,Extra
491,1198,Name,Extra
2690,2201,Name,Extra
678,3437,Name,Extra
2924,661,Name,Extra
4130,2840,Name,Extra
2888,3160,Name,Extra
3683,2384,Name,Extra
1632,3393,Name,Extra
4275,2635,Name,Extra
1902,3324,Name,Extra
3563,2855,Name,Extra
1428,659,Name,Extra
711,2921,Name,Extra
2537,454,Name,Extra
1580,298,Name,Extra
1549,3050,Name,Extra
1819,544,Name,Extra
3205,4023,Name,Extra
554,1036,Name,Extra
3436,1656,Name,Extra
3371,2534,Name,Extra
2204,3254,Name,Extra
2235,1104,Name,Extra
2646,3364,Name,Extra
45,3620,Name,Extra
2477,4055,Name,Extra
1599,583,Name,Extra
2533,4066,Name,Extra
3856,3128,Name,Extra
659,1079,Name,Extra
2607,2838,Name,Extra
936,3009,Name,Extra
2427,1056,Name,Extra
1113,3125,Name,Extra
3885,2769,Name,Extra
1176,1887,Name,Extra
2894,2320,Name,Extra
1030,3866,Name,Extra
3998,1863,Name,Extra
548,3258,Name,Extra
3462,1787,Name,Extra
476,1721,Name,Extra
2447,2038,Name,Extra
2432,1137,Name,Extra
1929,4041,Name,Extra
174,1106,Name,Extra
326,2794,Name,Extra
2561,708,Name,Extra
3901,428,Name,Extra
2000,1232,Name,Extra
3241,3957,Name,Extra
3039,3582,Name,Extra
611,2817,Name,Extra
4278,456,Name,Extra
1019,3803,Name,Extra
766,3311,Name,Extra
3431,4000,Name,Extra
83,1095,Name,Extra
1091,2242,Name,Extra
2208,1078,Name,Extra
650,2185,Name,Extra
3811,782,Name,Extra
1334,3284,Name,Extra
1890,1510,Name,Extra
776,1800,Name,Extra
1409,2211,Name,Extra
1763,614,Name,Extra
525,2972,Name,Extra
1609,592,Name,Extra
2997,2874,Name,Extra
622,868,Name,Extra
1024,1836,Name,Extra
2186,4022,Name,Extra
2162,3411,Name,Extra
698,531,Name,Extra
1733,1934,Name,Extra
1006,1094,Name,Extra
3340,1422,Name,Extra
1689,1877,Name,Extra
2262,2060,Name,Extra
2425,1902,Name,Extra
2273,2283,Name,Extra
2886,1327,Name,Extra
2599,1284,Name,Extra
71,3300,Name,Extra
3115,2089,Name,Extra
3212,2999,Name,Extra
2164,441,Name,Extra
394,3082,Name,Extra
2060,3877,Name,Extra
1582,3928,Name,Extra
3473,3804,Name,Extra
659,2736,Name,Extra
1940,3790,Name,Extra
2906,2494,Name,Extra
1282,1393,Name,Extra
3609,1547,Name,Extra
2461,2207,Name,Extra
2523,1079,Name,Extra
3349,3977,Name,Extra
1957,3119,Name,Extra
687,1915,Name,Extra
811,2144,Name,Extra
68,2580,Name,Extra
2339,510,Name,Extra
1967,2878,Name,Extra
3445,2086,Name,Extra
503,3971,Name,Extra
3410,1331,Name,Extra
3673,1284,Name,Extra
3604,1102,Name,Extra
422,51,Name,Extra
1975,249,Name,Extra
968,1603,Name,Extra
3357,1838,Name,Extra
3145,3552,Name,Extra
2544,176,Name,Extra
476,3815,Name,Extra
661,3118,Name,Extra
2749,1493,Name,Extra
1884,509,Name,Extra
716,3907,Name,Extra
3844,68,Name,Extra
3895,1744,Name,Extra
1474,2984,Name,Extra
2478,1523,Name,Extra
1740,795,Name,Extra
518,2319,Name,Extra
203,3239,Name,Extra
3642,1739,Name,Extra
971,1254,Name,Extra
2698,1363,Name,Extra
1790,2042,Name,Extra
1693,2660,Name,Extra
1429,1537,Name,Extra
195,2869,Name,Extra
2437,3520,Name,Extra
1971,3707,Name,Extra
2441,3171,Name,Extra
2656,1571,Name,Extra
2529,1619,Name,Extra
3613,4064,Name,Extra
1474,3513,Name,Extra
2585,3945,Name,Extra
1496,3232,Name,Extra
3825,1335,Name,Extra
994,2523,Name,Extra
1675,2371,Name,Extra
3192,1335,Name,Extra
2139,2371,Name,Extra
698,1560,Name,Extra
3075,3901,Name,Extra
3091,2870,Name,Extra
44,1173,Name,Extra
1779,1486,Name,Extra
238,4075,Name,Extra
3490,1105,Name,Extra
1238,1497,Name,Extra
2924,2026,Name,Extra
762,1660,Name,Extra
551,438,Name,Extra
1783,101,Name,Extra
2627,3558,Name,Extra
899,2198,Name,Extra
2834,1482,Name,Extra
3807,2244,Name,Extra
1955,3431,Name,Extra
3705,80,Name,Extra
3573,342,Name,Extra
1455,1963,Name,Extra
702,2192,Name,Extra
3031,887,Name,Extra
2947,2708,Name,Extra
583,1553,Name,Extra
1291,1356,Name,Extra
1936,2371,Name,Extra
73,2359,Name,Extra
3146,2862,Name,Extra
3232,1859,Name,Extra
3521,496,Name,Extra
193,2755,Name,Extra
2652,1044,Name,Extra
467,2998,Name,Extra
2076,1411,Name,Extra
3035,1171,Name,Extra
2262,3316,Name,Extra
2548,1645,Name,Extra
2996,2691,Name,Extra
2108,3910,Name,Extra
3976,2026,Name,Extra
219,3585,Name,Extra
3551,2713,Name,Extra
1814,797,Name,Extra
2338,3258,Name,Extra
2019,1690,Name,Extra
2113,2808,Name,Extra
3072,1393,Name,Extra
2374,584,Name,Extra
3257,70,Name,Extra
1881,184,Name,Extra
10,2699,Name,Extra
3029,194,Name,Extra
2205,3204,Name,Extra
2486,1815,Name,Extra
3804,235,Name,Extra
2826,2293,Name,Extra
125,1539,Name,Extra
9,734,Name,Extra
1001,1868,Name,Extra
1415,2815,Name,Extra
497,1157,Name,Extra
1999,886,Name,Extra
728,2359,Name,Extra
3412,3563,Name,Extra
2296,3472,Name,Extra
464,2178,Name,Extra
1227,3494,Name,Extra
1241,3129,Name,Extra
3587,1958,Name,Extra
3952,646,Name,Extra
1197,552,Name,Extra
723,3608,Name,Extra
67,499,Name,Extra
1905,2365,Name,Extra
3106,2800,Name,Extra
3034,1079,Name,Extra
114,2395,Name,Extra
3510,1421,Name,Extra
627,1113,Name,Extra
3438,3562,Name,Extra
324,4028,Name,Extra
515,2897,Name,Extra
3156,3532,Name,Extra
3818,1198,Name,Extra
1340,2118,Name,Extra
2211,3708,Name,Extra
2828,2446,Name,Extra
3475,1727,Name,Extra
67,2071,Name,Extra
1519,2974,Name,Extra
1682,3074,Name,Extra
3811,1889,Name,Extra
2598,2115,Name,Extra
1754,1569,Name,Extra
198,3467,Name,Extra
718,1115,Name,Extra
2332,1133,Name,Extra
3915,3159,Name,Extra
3721,1698,Name,Extra
793,573,Name,Extra
1364,3934,Name,Extra
3932,2634,Name,Extra
3529,488,Name,Extra
495,1766,Name,Extra
3436,2189,Name,Extra
3050,1268,Name,Extra
1497,2827,Name,Extra
3284,97,Name,Extra
2626,2886,Name,Extra
27,4053,Name,Extra
2575,3579,Name,Extra
2435,1686,Name,Extra
1065,1439,Name,Extra
695,1837,Name,Extra
1121,1096,Name,Extra
1434,1186,Name,Extra
1318,2743,Name,Extra
422,3790,Name,Extra
1192,2297,Name,Extra
2897,2165,Name,Extra
2914,912,Name,Extra
3954,456,Name,Extra
3733,214,Name,Extra
3564,3257,Name,Extra
1420,3607,Name,Extra
949,1258,Name,Extra
1010,3651,Name,Extra
3988,2230,Name,Extra
2950,1808,Name,Extra
1108,18,Name,Extra
3045,2065,Name,Extra
3844,3272,Name,Extra
1617,4067,Name,Extra
2286,3497,Name,Extra
3763,2922,Name,Extra
146,638,Name,Extra
956,1659,Name,Extra
3820,1242,Name,Extra
640,937,Name,Extra
3045,198,Name,Extra
2580,1613,Name,Extra
3138,941,Name,Extra
3841,1854,Name,Extra
1302,2816,Name,Extra
633,3788,Name,Extra
1888,2109,Name,Extra
3671,3196,Name,Extra
2476,1621,Name,Extra
1634,1635,Name,Extra
1695,4068,Name,Extra
3427,1785,Name,Extra
1449,3307,Name,Extra
195,2968,Name,Extra
3773,1519,Name,Extra
1829,379,Name,Extra
520,686,Name,Extra
853,3078,Name,Extra
1982,2032,Name,Extra
1112,3598,Name,Extra
1212,372,Name,Extra
2203,1710,Name,Extra
1064,642,Name,Extra
2805,1974,Name,Extra
2626,774,Name,Extra
2678,1874,Name,Extra
165,3172,Name,Extra
2988,3050,Name,Extra
171,1048,Name,Extra
1484,1706,Name,Extra
3919,38,Name,Extra
1613,3817,Name,Extra
3278,2802,Name,Extra
1978,3170,Name,Extra
3158,1074,Name,Extra
3513,3517,Name,Extra
1036,2641,Name,Extra
829,437,Name,Extra
999,2856,Name,Extra
3042,4051,Name,Extra
24,3854,Name,Extra
3010,3271,Name,Extra
3726,2921,Name,Extra
3559,2909,Name,Extra
2983,1505,Name,Extra
2485,2377,Name,Extra
1513,3692,Name,Extra
2771,670,Name,Extra
3069,143,Name,Extra
3169,3305,Name,Extra
1821,2467,Name,Extra
1705,2279,Name,Extra
3481,1515,Name,Extra
3559,3463,Name,Extra
484,1796,Name,Extra
9,3676,Name,Extra
603,1093,Name,Extra
2119,1326,Name,Extra
3724,1958,Name,Extra
2401,3064,Name,Extra
1650,982,Name,Extra
3632,3536,Name,Extra
1691,138,Name,Extra
661,878,Name,Extra
370,1038,Name,Extra
1387,508,Name,Extra
3743,357,Name,Extra
1700,1533,Name,Extra
1691,3851,Name,Extra
456,2809,Name,Extra
266,1610,Name,Extra
3366,1562,Name,Extra
447,3405,Name,Extra
1110,3478,Name,Extra
2638,2397,Name,Extra
3778,305,Name,Extra
552,2879,Name,Extra
1177,1073,Name,Extra
3708,2239,Name,Extra
3749,3597,Name,Extra
2280,1870,Name,Extra
52,1289,Name,Extra
2592,1228,Name,Extra
1036,2447,Name,Extra
3284,2579,Name,Extra
901,1047,Name,Extra
919,1106,Name,Extra
29,2518,Name,Extra
928,3744,Name,Extra
3427,3039,Name,Extra
2970,2965,Name,Extra
2429,123,Name,Extra
2586,2373,Name,Extra
1592,3551,Name,Extra
2435,1754,Name,Extra
121,3460,Name,Extra
600,1834,Name,Extra
413,2991,Name,Extra
2713,2453,Name,Extra
1952,2529,Name,Extra
1622,1945,Name,Extra
2945,46,Name,Extra
2815,2952,Name,Extra
1858,4086,Name,Extra
2899,468,Name,Extra
3806,187,Name,Extra
3295,3000,Name,Extra
262,1573,Name,Extra
2220,3090,Name,Extra
1179,3817,Name,Extra
1956,1572,Name,Extra
2677,3521,Name,Extra
704,2276,Name,Extra
3190,4008,Name,Extra
665,2573,Name,Extra
54,2263,Name,Extra
1514,1797,Name,Extra
3345,3945,Name,Extra
3055,3067,Name,Extra
2970,3482,Name,Extra
1761,1511,Name,Extra
100,3293,Name,Extra
3743,2794,Name,Extra
2985,1986,Name,Extra
1335,780,Name,Extra
2741,2482,Name,Extra
3666,3822,Name,Extra
2943,2102,Name,Extra
326,746,Name,Extra
44,594,Name,Extra
2932,1569,Name,Extra
220,527,Name,Extra
2042,1272,Name,Extra
458,1735,Name,Extra
3119,2999,Name,Extra
2286,3177,Name,Extra
1515,2697,Name,Extra
2091,3924,Name,Extra
505,967,Name,Extra
757,205,Name,Extra
779,1411,Name,Extra
3635,2000,Name,Extra
1752,4018,Name,Extra
1712,3792,Name,Extra
3660,777,Name,Extra
3162,169,Name,Extra
3249,539,Name,Extra
2535,1042,Name,Extra
3455,2880,Name,Extra
1998,3893,Name,Extra
1686,1075,Name,Extra
884,2427,Name,Extra
3513,1053,Name,Extra
2411,3204,Name,Extra
1957,1006,Name,Extra
330,2955,Name,Extra
210,742,Name,Extra
3403,3029,Name,Extra
1236,3773,Name,Extra
2282,3193,Name,Extra
2998,3135,Name,Extra
2939,2901,Name,Extra
3549,4068,Name,Extra
2261,3675,Name,Extra
636,723,Name,Extra
3269,196,Name,Extra
1314,2949,Name,Extra
3970,916,Name,Extra
3373,309,Name,Extra
2150,3900,Name,Extra
1030,107,Name,Extra
150,1847,Name,Extra
1068,3136,Name,Extra
3639,1944,Name,Extra
607,1553,Name,Extra
1970,1737,Name,Extra
4366,585,Name,Extra
3233,1596,Name,Extra
3268,2473,Name,Extra
1472,1273,Name,Extra
2743,42,Name,Extra
1430,2343,Name,Extra
3139,1123,Name,Extra
1628,145,Name,Extra
879,238,Name,Extra
3609,3875,Name,Extra
1905,3342,Name,Extra
112,3482,Name,Extra
3823,1577,Name,Extra
1027,3162,Name,Extra
3078,2263,Name,Extra
4287,1392,Name,Extra
3669,3151,Name,Extra
491,3618,Name,Extra
3695,2303,Name,Extra
680,1547,Name,Extra
1680,908,Name,Extra
3153,3922,Name,Extra
3870,2263,Name,Extra
2653,2548,Name,Extra
4213,3330,Name,Extra
4296,1086,Name,Extra
3134,1929,Name,Extra
385,3958,Name,Extra
4132,3430,Name,Extra
2110,2122,Name,Extra
481,1187,Name,Extra
1774,1607,Name,Extra
2238,1256,Name,Extra
2407,1492,Name,Extra
373,1258,Name,Extra
2881,2981,Name,Extra
3819,2864,Name,Extra
2625,2404,Name,Extra
330,4078,Name,Extra
4243,1403,Name,Extra
3512,1887,Name,Extra
4020,2766,Name,Extra
3065,1654,Name,Extra
3813,4089,Name,Extra
4339,854,Name,Extra
1325,1013,Name,Extra
3354,2949,Name,Extra
325,732,Name,Extra
4208,3175,Name,Extra
2025,590,Name,Extra
3757,4021,Name,Extra
4259,1247,Name,Extra
365,2381,Name,Extra
200,3532,Name,Extra
2054,315,Name,Extra
1224,336,Name,Extra
940,1222,Name,Extra
3360,265,Name,Extra
791,616,Name,Extra
3533,766,Name,Extra
304,2335,Name,Extra
173,1479,Name,Extra
716,1826,Name,Extra
3901,2145,Name,Extra
56,2649,Name,Extra
1417,2736,Name,Extra
789,3138,Name,Extra
1139,1835,Name,Extra
56,586,Name,Extra
233,2447,Name,Extra
22,2691,Name,Extra
3371,3294,Name,Extra
1711,3686,Name,Extra
3554,3208,Name,Extra
2127,3056,Name,Extra
135,1149,Name,Extra
3738,2188,Name,Extra
3093,3677,Name,Extra
3655,3153,Name,Extra
1128,4062,Name,Extra
2496,806,Name,Extra
3378,1178,Name,Extra
272,1363,Name,Extra
1912,2824,Name,Extra
1658,3400,Name,Extra
327,2219,Name,Extra
1325,2311,Name,Extra
109,1672,Name,Extra
545,415,Name,Extra
4250,907,Name,Extra
1497,3555,Name,Extra
1404,2940,Name,Extra
92,956,Name,Extra
715,2852,Name,Extra
695,3007,Name,Extra
1467,2494,Name,Extra
3746,2573,Name,Extra
2938,476,Name,Extra
3105,1719,Name,Extra
2080,1400,Name,Extra
3952,2877,Name,Extra
2009,768,Name,Extra
284,3057,Name,Extra
1380,2541,Name,Extra
4114,128,Name,Extra
2791,3490,Name,Extra
440,2400,Name,Extra
2612,2338,Name,Extra
4473,179,Name,Extra
3364,2585,Name,Extra
1679,2984,Name,Extra
1526,280,Name,Extra
3511,1281,Name,Extra
1880,44,Name,Extra
1537,776,Name,Extra
2013,2461,Name,Extra
1087,1978,Name,Extra
1958,1499,Name,Extra
2957,2674,Name,Extra
247,2780,Name,Extra
3145,1489,Name,Extra
3120,4038,Name,Extra
3453,1347,Name,Extra
2296,3866,Name,Extra
2837,2671,Name,Extra
2601,3354,Name,Extra
2597,2339,Name,Extra
1354,2036,Name,Extra
1964,1668,Name,Extra
3818,285,Name,Extra
2330,1554,Name,Extra
3731,152,Name,Extra
1519,1851,Name,Extra
568,1895,Name,Extra
3379,4048,Name,Extra
1769,3439,Name,Extra
3213,2009,Name,Extra
1856,3891,Name,Extra
291,4082,Name,Extra
1460,696,Name,Extra
786,1204,Name,Extra
1949,1941,Name,Extra
1115,628,Name,Extra
1229,518,Name,Extra
3512,169,Name,Extra
1621,750,Name,Extra
1809,3467,Name,Extra
1005,1482,Name,Extra
4010,2395,Name,Extra
456,3588,Name,Extra
1413,2044,Name,Extra
2184,2023,Name,Extra
802,573,Name,Extra
282,2141,Name,Extra
1837,3491,Name,Extra
1025,784,Name,Extra
2794,2360,Name,Extra
2575,404,Name,Extra
4312,413,Name,Extra
2781,3131,Name,Extra
1932,1443,Name,Extra
1642,571,Name,Extra
529,3817,Name,Extra
1571,1168,Name,Extra
1850,2594,Name,Extra
4442,3017,Name,Extra
875,2990,Name,Extra
2006,1108,Name,Extra
1753,3947,Name,Extra
2506,2480,Name,Extra
2805,1342,Name,Extra
1067,874,Name,Extra
98,3567,Name,Extra
747,1132,Name,Extra
4373,1391,Name,Extra
3342,1523,Name,Extra
1583,1409,Name,Extra
1260,408,Name,Extra
173,3223,Name,Extra
4351,4050,Name,Extra
4282,1394,Name,Extra
545,2665,Name,Extra
3490,2535,Name,Extra
4387,759,Name,Extra
2284,2251,Name,Extra
4095,1072,Name,Extra
2406,2787,Name,Extra
1280,271,Name,Extra
2698,566,Name,Extra
3228,249,Name,Extra
1565,67,Name,Extra
3426,2700,Name,Extra
200,469,Name,Extra
2157,38,Name,Extra
1029,230,Name,Extra
2449,1078,Name,Extra
3597,2604,Name,Extra
3527,3598,Name,Extra
4343,4063,Name,Extra
4488,340,Name,Extra
3495,1760,Name,Extra
1167,2219,Name,Extra
4495,1482,Name,Extra
1407,2899,Name,Extra
3925,2308,Name,Extra
3309,2148,Name,Extra
4063,1288,Name,Extra
3153,4036,Name,Extra
853,3661,Name,Extra
4391,3831,Name,Extra
3320,1829,Name,Extra
2623,1552,Name,Extra
136,2529,Name,Extra
3840,1601,Name,Extra
3972,2647,Name,Extra
2798,103,Name,Extra
2291,3606,Name,Extra
1893,2324,Name,Extra
4370,3808,Name,Extra
3564,211,Name,Extra
1957,3724,Name,Extra
1146,3532,Name,Extra
2454,1434,Name,Extra
73,1164,Name,Extra
1880,2666,Name,Extra
4246,1480,Name,Extra
395,3627,Name,Extra
990,2137,Name,Extra
2328,1668,Name,Extra
3862,2075,Name,Extra
1462,1963,Name,Extra
335,1059,Name,Extra
2859,436,gffe ff,
2688,805,Name,Extra
623,3526,Name,Extra
2712,2192,Name,Extra
4032,932,Name,Extra
1924,3116,Name,Extra
4018,1709,Name,Extra
3865,1345,Name,Extra
586,191,Name,Extra
1327,2595,Name,Extra
1923,3769,Name,Extra
3851,1755,Name,Extra
2402,3497,Name,Extra
1373,59,Name,Extra
3114,393,Name,Extra
1451,2866,Name,Extra
3369,91,Name,Extra
314,2126,Name,Extra
1703,3172,Name,Extra
2419,266,Name,Extra
653,1443,Name,Extra
2766,4036,Name,Extra
3575,3404,Name,Extra
203,913,Name,Extra
4234,2988,Name,Extra
966,227,Name,Extra
3570,1763,Name,Extra
4369,1879,Name,Extra
2391,2869,Name,Extra
4483,187,Name,Extra
1965,1722,Name,Extra
1413,1442,Name,Extra
2452,3143,Name,Extra
3832,3060,Name,Extra
2273,1634,Name,Extra
4046,3931,Name,Extra
3104,2570,Name,Extra
1943,2098,Name,Extra
2358,744,Name,Extra
2222,2621,Name,Extra
3202,366,Name,Extra
2353,793,Name,Extra
3474,1045,Name,Extra
4000,381,Name,Extra
1360,15,Name,Extra
2147,2730,Name,Extra
1734,1026,Name,Extra
4173,52,Name,Extra
1393,973,Name,Extra
3974,1371,Name,Extra
606,3793,Name,Extra
1101,3966,Name,Extra
2382,1347,Name,Extra
1429,1833,Name,Extra
2576,3295,Name,Extra
3635,258,Name,Extra
3821,2224,Name,Extra
742,1295,Name,Extra
3359,1437,Name,Extra
3428,1567,Name,Extra
4294,923,Name,Extra
3106,143,Name,Extra
3623,1976,Name,Extra
853,1439,Name,Extra
2703,4009,Name,Extra
2168,427,Name,Extra
1538,2475,Name,Extra
1074,4017,Name,Extra
3364,85,Name,Extra
2314,2455,Name,Extra
2023,3250,Name,Extra
3740,2944,Name,Extra
2665,1672,Name,Extra
1116,2000,Name,Extra
4122,1396,Name,Extra
3050,1691,Name,Extra
2261,1081,Name,Extra
91,1210,Name,Extra
4242,2116,Name,Extra
4016,2713,Name,Extra
1785,4096,Name,Extra
3636,3447,Name,Extra
850,3546,Name,Extra
2917,1625,Name,Extra
2355,1624,Name,Extra
1117,1283,Name,Extra
2868,3359,Name,Extra
1557,2552,Name,Extra
1828,368,Name,Extra
354,2342,Name,Extra
585,2746,Name,Extra
255,1442,Name,Extra
2610,3306,Name,Extra
1004,2126,Name,Extra
3556,2688,Name,Extra
451,1072,Name,Extra
3919,3450,Name,Extra
717,3929,Name,Extra
1411,529,Name,Extra
1652,3632,Name,Extra
4489,3463,Name,Extra
1100,2117,Name,Extra
3490,3611,Name,Extra
3778,2556,Name,Extra
977,907,Name,Extra
4436,3747,Name,Extra
1576,856,Name,Extra
4427,3622,Name,Extra
79,1252,Name,Extra
2950,494,Public,Test
2977,460,PublicTest,Extra